82.78,6.76,82.77,6.77,1025,12,2020,7,15,2020,8,11,0.088,27,0,6
933.58,41.36,933.57,41.37,8461.16,9,2020,7,15,2020,8,4,0.088,20,0,6
80.69,3.57,80.68,3.58,731.26,9,2020,7,15,2020,8,4,0.088,20,0,6
470.55,41.55,470.54,41.56,5862,12,2020,7,17,2020,8,15,0.088,29,0,6
429.95,28.18,429.94,28.19,3976,9,2020,7,17,2020,8,15,0.088,29,0,6
1393,60.25,1392.99,60.26,8500,6,2020,7,17,2020,8,15,0.088,29,0,6
541.67,47.83,541.66,47.84,6748,12,2020,7,17,2020,8,15,0.088,29,0,6
73.57,0.91,73.56,0.92,220.19,3,2020,7,17,2020,8,3,0.088,17,0,6
46.2,3.77,46.19,3.78,571.98,12,2020,7,17,2020,8,13,0.088,27,0,6
12.4,0.36,12.39,0.37,74.66,6,2020,7,17,2020,8,6,0.088,20,0,6
144.41,9.01,144.4,9.02,1756.19,12,2020,7,17,2020,8,7,0.088,21,0,6
2439.55,105.52,2439.54,105.53,14886,6,2020,7,17,2020,8,15,0.088,29,0,6
29.88,1.81,29.87,1.82,275,9,2020,7,17,2020,8,13,0.088,27,0,6
670.63,26.62,670.62,26.63,6051.18,9,2020,7,17,2020,8,4,0.088,18,0,6
243.04,10.13,243.03,10.14,1480.77,6,2020,7,17,2020,8,14,0.088,28,0,6
34.72,5.87,34.71,5.88,890.16,24,2020,7,17,2020,8,13,0.088,27,0,6
345.99,41.55,345.98,41.56,8500,24,2020,7,17,2020,8,6,0.088,20,0,6
2061.8,89.18,2061.79,89.19,12581,6,2020,7,17,2020,8,15,0.088,29,0,6
54.25,0.71,54.24,0.72,162.5,3,2020,7,17,2020,8,4,0.088,18,0,6
6662.02,102.66,6662.01,102.67,20000,3,2020,7,17,2020,8,7,0.088,21,0,6
149.17,30.83,171.67,8.33,4000,24,2021,1,25,2021,3,4,0.075,38,1,7
600,4.62,600,1.25,600,1,2021,1,25,2021,3,4,0.075,38,1,7
2200,16.96,2200,4.58,2200,1,2021,1,25,2021,3,4,0.075,38,1,7
44.97,14.82,55.79,4,1922,36,2021,1,25,2021,3,4,0.075,38,1,7
88.75,18.35,102.14,4.96,2380,24,2021,1,25,2021,3,4,0.075,38,1,7
14.92,3.08,17.17,0.83,400,24,2021,1,25,2021,3,4,0.075,38,1,7
111.88,23.12,128.75,6.25,3000,24,2021,1,25,2021,3,4,0.075,38,1,7
145.44,30.06,167.38,8.12,3900,24,2021,1,25,2021,3,4,0.075,38,1,7
162.62,7.71,168.25,2.08,1000,6,2021,1,25,2021,3,4,0.075,38,1,7
9.7,2,11.16,0.54,260,24,2021,1,25,2021,3,4,0.075,38,1,7
329,2.54,329,0.69,329,1,2021,1,25,2021,3,4,0.075,38,1,7
22.38,4.62,25.75,1.25,600,24,2021,1,25,2021,3,4,0.075,38,1,7
300,2.31,300,0.62,300,1,2021,1,25,2021,3,4,0.075,38,1,7
233.98,77.08,290.23,20.83,10000,36,2021,1,25,2021,3,4,0.075,38,1,7
18.65,3.85,21.46,1.04,500,24,2021,1,25,2021,3,4,0.075,38,1,7
79.05,7.71,84.68,2.08,1000,12,2021,1,25,2021,3,4,0.075,38,1,7
18.65,3.85,21.46,1.04,500,24,2021,1,25,2021,3,4,0.075,38,1,7
111.88,23.12,128.75,6.25,3000,24,2021,1,25,2021,3,4,0.075,38,1,7
182.14,8.63,188.44,2.33,1120,6,2021,1,25,2021,3,4,0.075,38,1,7
74.58,15.42,85.83,4.17,2000,24,2021,1,25,2021,3,4,0.075,38,1,7
11.7,3.85,14.51,1.04,500,36,2021,1,25,2021,3,4,0.075,38,1,7
14.92,3.08,17.17,0.83,400,24,2021,1,25,2021,3,4,0.075,38,1,7
55.33,5.4,59.27,1.46,700,12,2021,1,25,2021,3,4,0.075,38,1,7
100,0.77,100,0.21,100,1,2021,1,25,2021,3,4,0.075,38,1,7
74.58,15.42,85.83,4.17,2000,24,2021,1,25,2021,3,4,0.075,38,1,7
22.38,4.62,25.75,1.25,600,24,2021,1,25,2021,3,4,0.075,38,1,7
11.19,2.31,12.88,0.62,300,24,2021,1,25,2021,3,4,0.075,38,1,7
12.01,2.48,13.82,0.67,322,24,2021,1,25,2021,3,4,0.075,38,1,7
42.24,8.73,48.61,2.36,1132.61,24,2021,1,25,2021,3,4,0.075,38,1,7
7.46,1.54,8.58,0.42,200,24,2021,1,25,2021,3,4,0.075,38,1,7
23.4,7.71,29.03,2.08,1000,36,2021,1,25,2021,3,4,0.075,38,1,7
100.72,9.82,107.89,2.65,1274.11,12,2021,1,25,2021,3,4,0.075,38,1,7
511.68,49.9,548.09,13.49,6473,12,2021,1,25,2021,3,4,0.075,38,1,7
39.53,3.85,42.34,1.04,500,12,2021,1,25,2021,3,4,0.075,38,1,7
111.88,23.12,128.75,6.25,3000,24,2021,1,25,2021,3,4,0.075,38,1,7
9.55,1.97,10.99,0.53,256,24,2021,1,25,2021,3,4,0.075,38,1,7
10.88,1.64,12.08,0.44,212.5,18,2021,1,25,2021,3,4,0.075,38,1,7
116.99,38.54,145.11,10.42,5000,36,2021,1,25,2021,3,4,0.075,38,1,7
7.83,1.62,9.01,0.44,210,24,2021,1,25,2021,3,4,0.075,38,1,7
74.58,15.42,85.83,4.17,2000,24,2021,1,25,2021,3,4,0.075,38,1,7
18.65,3.85,21.46,1.04,500,24,2021,1,25,2021,3,4,0.075,38,1,7
18.65,3.85,21.46,1.04,500,24,2021,1,25,2021,3,4,0.075,38,1,7
7.02,2.31,8.71,0.62,300,36,2021,1,25,2021,3,4,0.075,38,1,6
24.15,1.88,24.22,1.81,300,12,2021,1,30,2021,2,28,0.075,29,1,6
16.46,2.65,16.54,2.57,424.57,24,2021,1,30,2021,2,28,0.075,29,1,6
74.57,18.75,75.19,18.13,3000,36,2021,1,30,2021,2,28,0.075,29,1,6
19.37,3.13,19.48,3.02,500,24,2021,1,30,2021,2,28,0.075,29,1,6
177.79,13.8,178.25,13.34,2208.31,12,2021,1,30,2021,2,28,0.075,29,1,6
185.16,14.38,185.64,13.9,2300,12,2021,1,30,2021,2,28,0.075,29,1,6
56.19,9.06,56.49,8.76,1450,24,2021,1,30,2021,2,28,0.075,29,1,6
3300,20.63,3300,19.94,3300,1,2021,1,30,2021,2,28,0.075,29,1,6
12.42,3.13,12.53,3.02,500,36,2021,1,30,2021,2,28,0.075,29,1,6
21.31,3.44,21.43,3.32,550,24,2021,1,30,2021,2,28,0.075,29,1,6
8.68,1.4,8.73,1.35,224,24,2021,1,30,2021,2,28,0.075,29,1,6
265.01,5,265.18,4.83,800,3,2021,1,30,2021,2,28,0.075,29,1,6
54.25,8.75,54.54,8.46,1400,24,2021,1,30,2021,2,28,0.075,29,1,6
64.41,5,64.58,4.83,800,12,2021,1,30,2021,2,28,0.075,29,1,6
331.26,6.25,331.47,6.04,1000,3,2021,1,30,2021,2,28,0.075,29,1,6
20.15,3.25,20.26,3.14,520,24,2021,1,30,2021,2,28,0.075,29,1,6
77.5,12.5,77.92,12.08,2000,24,2021,1,30,2021,2,28,0.075,29,1,6
25.81,4.16,25.95,4.02,666,24,2021,1,30,2021,2,28,0.075,29,1,6
40.3,6.5,40.52,6.28,1040,24,2021,1,30,2021,2,28,0.075,29,1,6
32.31,8.13,32.59,7.85,1300,36,2021,1,30,2021,2,28,0.075,29,1,6
5000,31.25,5000,30.21,5000,1,2021,1,30,2021,2,28,0.075,29,1,6
695.64,13.13,696.08,12.69,2100,3,2021,1,30,2021,2,28,0.075,29,1,6
56.03,4.35,56.17,4.21,696,12,2021,1,30,2021,2,28,0.075,29,1,6
82.04,3.13,82.15,3.02,500,6,2021,1,30,2021,2,28,0.075,29,1,6
2.48,0.63,2.51,0.6,100,36,2021,1,30,2021,2,28,0.075,29,1,6
161.01,12.5,161.43,12.08,2000,12,2021,1,30,2021,2,28,0.075,29,1,6
19.37,3.13,19.48,3.02,500,24,2021,1,30,2021,2,28,0.075,29,1,6
17.71,1.38,17.76,1.33,220,12,2021,1,30,2021,2,28,0.075,29,1,6
31.21,5.03,31.37,4.87,805.41,24,2021,1,30,2021,2,28,0.075,29,1,6
99.37,1.88,99.44,1.81,300,3,2021,1,30,2021,2,28,0.075,29,1,6
25.14,4.05,25.27,3.92,648.65,24,2021,1,30,2021,2,28,0.075,29,1,6
11.24,1.81,11.3,1.75,290,24,2021,1,30,2021,2,28,0.075,29,1,6
246.19,19.11,246.82,18.48,3058,12,2021,1,30,2021,2,28,0.075,29,1,6
500,3.13,500,3.02,500,1,2021,1,30,2021,2,28,0.075,29,1,6
27.43,3.26,27.54,3.15,521,18,2021,1,30,2021,2,28,0.075,29,1,6
19.88,5,20.05,4.83,800,36,2021,1,30,2021,2,28,0.075,29,1,6
25.14,4.05,25.27,3.92,648.65,24,2021,1,30,2021,2,28,0.075,29,1,6
322.03,25,322.86,24.17,4000,12,2021,1,30,2021,2,28,0.075,29,1,6
12.42,3.13,12.53,3.02,500,36,2021,1,30,2021,2,28,0.075,29,1,6
10.46,1.69,10.52,1.63,270,24,2021,1,30,2021,2,28,0.075,29,1,6
72.45,5.63,72.64,5.44,900,12,2021,1,30,2021,2,28,0.075,29,1,6
14.49,3.64,14.61,3.52,583,36,2021,1,30,2021,2,28,0.075,29,1,6
206.3,51.88,208.03,50.15,8300,36,2021,1,30,2021,2,28,0.075,29,1,6
120.76,9.38,121.08,9.06,1500,12,2021,1,30,2021,2,28,0.075,29,1,6
40.25,3.13,40.36,3.02,500,12,2021,1,30,2021,2,28,0.075,29,1,6
7.45,1.88,7.52,1.81,300,36,2021,1,30,2021,2,28,0.075,29,1,6
193.75,31.25,194.79,30.21,5000,24,2021,1,30,2021,2,28,0.075,29,1,6
11.62,1.88,11.69,1.81,300,24,2021,1,30,2021,2,28,0.075,29,1,6
77.5,12.5,77.92,12.08,2000,24,2021,1,30,2021,2,28,0.075,29,1,6
19.37,3.13,19.48,3.02,500,24,2021,1,30,2021,2,28,0.075,29,1,6
500,3.13,500,3.02,500,1,2021,1,30,2021,2,28,0.075,29,1,6
80.51,6.25,80.72,6.04,1000,12,2021,1,30,2021,2,28,0.075,29,1,6
49.71,12.5,50.13,12.08,2000,36,2021,1,30,2021,2,28,0.075,29,1,6
184.95,14.36,185.43,13.88,2297.29,12,2021,1,30,2021,2,28,0.075,29,1,6
9.3,1.5,9.35,1.45,240,24,2021,1,30,2021,2,28,0.075,29,1,6
205.28,3.87,205.41,3.74,619.69,3,2021,1,30,2021,2,28,0.075,29,1,6
14.66,2.37,14.74,2.29,378.4,24,2021,1,30,2021,2,28,0.075,29,1,6
19.37,3.13,19.48,3.02,500,24,2021,1,30,2021,2,28,0.075,29,1,6
19.84,3.2,19.95,3.09,512,24,2021,1,30,2021,2,28,0.075,29,1,6
80.51,6.25,80.72,6.04,1000,12,2021,1,30,2021,2,28,0.075,29,1,6
4.97,1.25,5.01,1.21,200,36,2021,1,30,2021,2,28,0.075,29,1,6
28.34,2.2,28.41,2.13,352,12,2021,1,30,2021,2,28,0.075,29,1,6
724.57,56.25,726.44,54.38,9000,12,2021,1,30,2021,2,28,0.075,29,1,6
102.05,5.89,102.25,5.69,941.79,9,2021,1,30,2021,2,28,0.075,29,1,6
285.84,71.88,288.24,69.48,11500,36,2021,1,30,2021,2,28,0.075,29,1,6
31,5,31.17,4.83,800,24,2021,1,30,2021,2,28,0.075,29,1,6
523.29,40.63,524.65,39.27,6500,12,2021,1,30,2021,2,28,0.075,29,1,6
500,3.13,500,3.02,500,1,2021,1,30,2021,2,28,0.075,29,1,6
19.37,3.13,19.48,3.02,500,24,2021,1,30,2021,2,28,0.075,29,1,6
662.52,12.5,662.94,12.08,2000,3,2021,1,30,2021,2,28,0.075,29,1,6
500,3.13,500,3.02,500,1,2021,1,30,2021,2,28,0.075,29,1,6
40.25,3.13,40.36,3.02,500,12,2021,1,30,2021,2,28,0.075,29,1,6
15.81,2.55,15.89,2.47,408,24,2021,1,30,2021,2,28,0.075,29,1,6
13.56,2.19,13.64,2.11,350,24,2021,1,30,2021,2,28,0.075,29,1,6
248.56,62.5,250.64,60.42,10000,36,2021,1,30,2021,2,28,0.075,29,1,6
40.25,3.13,40.36,3.02,500,12,2021,1,30,2021,2,28,0.075,29,1,6
29.06,4.69,29.22,4.53,750,24,2021,1,30,2021,2,28,0.075,29,1,6
213.3,8.13,213.58,7.85,1300,6,2021,1,30,2021,2,28,0.075,29,1,6
20.92,3.38,21.04,3.26,540,24,2021,1,30,2021,2,28,0.075,29,1,6
483.04,37.5,484.29,36.25,6000,12,2021,1,30,2021,2,28,0.075,29,1,6
25.08,4.05,25.22,3.91,647.3,24,2021,1,30,2021,2,28,0.075,29,1,6
8.52,1.38,8.57,1.33,220,24,2021,1,30,2021,2,28,0.075,29,1,6
19.37,3.13,19.48,3.02,500,24,2021,1,30,2021,2,28,0.075,29,1,6
12.4,2,12.47,1.93,320,24,2021,1,30,2021,2,28,0.075,29,1,6
4.97,1.25,5.01,1.21,200,36,2021,1,30,2021,2,28,0.075,29,1,6
80.51,6.25,80.72,6.04,1000,12,2021,1,30,2021,2,28,0.075,29,1,6
11.62,1.88,11.69,1.81,300,24,2021,1,30,2021,2,28,0.075,29,1,6
492.24,18.75,492.86,18.13,3000,6,2021,1,30,2021,2,28,0.075,29,1,6
40.25,3.13,40.36,3.02,500,12,2021,1,30,2021,2,28,0.075,29,1,6
24.86,6.25,25.07,6.04,1000,36,2021,1,30,2021,2,28,0.075,29,1,6
38.75,6.25,38.96,6.04,1000,24,2021,1,30,2021,2,28,0.075,29,1,6
344.57,13.13,345.01,12.69,2100,6,2021,1,30,2021,2,28,0.075,29,1,6
662.52,12.5,662.94,12.08,2000,3,2021,1,30,2021,2,28,0.075,29,1,6
80.01,12.91,80.44,12.48,2065,24,2021,1,30,2021,2,28,0.075,29,1,6
193.75,31.25,194.79,30.21,5000,24,2021,1,30,2021,2,28,0.075,29,1,6
4.97,1.25,5.01,1.21,200,36,2021,1,30,2021,2,28,0.075,29,1,6
19.37,3.13,19.48,3.02,500,24,2021,1,30,2021,2,28,0.075,29,1,6
11.53,2.9,11.63,2.8,464,36,2021,1,30,2021,2,28,0.075,29,1,6
96.87,15.63,97.4,15.1,2500,24,2021,1,30,2021,2,28,0.075,29,1,6
88.55,6.88,88.78,6.65,1100,12,2021,1,30,2021,2,28,0.075,29,1,6
4.23,1.06,4.26,1.03,170,36,2021,1,30,2021,2,28,0.075,29,1,6
132.5,2.5,132.58,2.42,400,3,2021,1,30,2021,2,28,0.075,29,1,6
364,2.28,364,2.2,364,1,2021,1,30,2021,2,28,0.075,29,1,6
83.68,3.19,83.79,3.08,510,6,2021,1,30,2021,2,28,0.075,29,1,6
30.61,4.94,30.78,4.77,790,24,2021,1,30,2021,2,28,0.075,29,1,6
400,2.5,400,2.42,400,1,2021,1,30,2021,2,28,0.075,29,1,6
116.25,18.75,116.87,18.13,3000,24,2021,1,30,2021,2,28,0.075,29,1,6
27.12,4.38,27.27,4.23,700,24,2021,1,30,2021,2,28,0.075,29,1,6
193.75,31.25,194.79,30.21,5000,24,2021,1,30,2021,2,28,0.075,29,1,6
27.12,4.38,27.27,4.23,700,24,2021,1,30,2021,2,28,0.075,29,1,6
49.22,1.88,49.29,1.81,300,6,2021,1,30,2021,2,28,0.075,29,1,6
24.86,6.25,25.07,6.04,1000,36,2021,1,30,2021,2,28,0.075,29,1,6
23.25,3.75,23.37,3.63,600,24,2021,1,30,2021,2,28,0.075,29,1,6
16.62,2.68,16.71,2.59,429,24,2021,1,30,2021,2,28,0.075,29,1,6
48.3,3.75,48.42,3.63,600,12,2021,1,30,2021,2,28,0.075,29,1,6
100,0.63,100,0.6,100,1,2021,1,30,2021,2,28,0.075,29,1,6
132.5,2.5,132.58,2.42,400,3,2021,1,30,2021,2,28,0.075,29,1,6
4.63,1.16,4.67,1.12,186,36,2021,1,30,2021,2,28,0.075,29,1,6
9.69,1.56,9.74,1.51,250,24,2021,1,30,2021,2,28,0.075,29,1,6
1279.84,48.75,1281.46,47.13,7800,6,2021,1,30,2021,2,28,0.075,29,1,6
52.66,6.25,52.87,6.04,1000,18,2021,1,30,2021,2,28,0.075,29,1,6
31,5,31.17,4.83,800,24,2021,1,30,2021,2,28,0.075,29,1,6
12.42,3.13,12.53,3.02,500,36,2021,1,30,2021,2,28,0.075,29,1,6
40.25,3.13,40.36,3.02,500,12,2021,1,30,2021,2,28,0.075,29,1,6
22.09,3.56,22.21,3.44,570,24,2021,1,30,2021,2,28,0.075,29,1,6
285.84,71.88,288.24,69.48,11500,36,2021,1,30,2021,2,28,0.075,29,1,6
76.38,2.91,76.48,2.81,465.5,6,2021,1,30,2021,2,28,0.075,29,1,6
186.05,14.44,186.53,13.96,2310.9,12,2021,1,30,2021,2,28,0.075,29,1,6
10.26,1.66,10.32,1.6,265,24,2021,1,30,2021,2,28,0.075,29,1,6
42.35,6.83,42.58,6.6,1093,24,2021,1,30,2021,2,28,0.075,29,1,6
900,5.63,900,5.44,900,1,2021,1,30,2021,2,28,0.075,29,1,6
10.43,1.68,10.48,1.63,269.1,24,2021,1,30,2021,2,28,0.075,29,1,6
57.2,9.23,57.51,8.92,1476.32,24,2021,1,30,2021,2,28,0.075,29,1,6
302.25,48.75,303.87,47.13,7800,24,2021,1,30,2021,2,28,0.075,29,1,6
218.73,55,220.56,53.17,8800,36,2021,1,30,2021,2,28,0.075,29,1,6
500,3.13,500,3.02,500,1,2021,1,30,2021,2,28,0.075,29,1,6
26.77,6.73,26.99,6.51,1077,36,2021,1,30,2021,2,28,0.075,29,1,6
41.06,3.19,41.17,3.08,510,12,2021,1,30,2021,2,28,0.075,29,1,6
67.57,1.28,67.62,1.23,204,3,2021,1,30,2021,2,28,0.075,29,1,6
1000,6.25,1000,6.04,1000,1,2021,1,30,2021,2,28,0.075,29,1,6
46.5,7.5,46.75,7.25,1200,24,2021,1,30,2021,2,28,0.075,29,1,6
1300,8.13,1300,7.85,1300,1,2021,1,30,2021,2,28,0.075,29,1,6
9.3,1.5,9.35,1.45,240,24,2021,1,30,2021,2,28,0.075,29,1,6
590.69,22.5,591.44,21.75,3600,6,2021,1,30,2021,2,28,0.075,29,1,6
43.96,3.41,44.07,3.3,546,12,2021,1,30,2021,2,28,0.075,29,1,6
663.47,25.27,664.31,24.43,4043.5,6,2021,1,30,2021,2,28,0.075,29,1,6
1325.03,25,1325.86,24.17,4000,3,2021,1,30,2021,2,28,0.075,29,1,6
483.04,37.5,484.29,36.25,6000,12,2021,1,30,2021,2,28,0.075,29,1,6
100.04,1.89,100.11,1.82,302,3,2021,1,30,2021,2,28,0.075,29,1,6
12.71,2.05,12.78,1.98,328,24,2021,1,30,2021,2,28,0.075,29,1,6
64.41,5,64.58,4.83,800,12,2021,1,30,2021,2,28,0.075,29,1,6
9.3,1.5,9.35,1.45,240,24,2021,1,30,2021,2,28,0.075,29,1,6
11.24,1.81,11.3,1.75,290,24,2021,1,30,2021,2,28,0.075,29,1,6
38.75,6.25,38.96,6.04,1000,24,2021,1,30,2021,2,28,0.075,29,1,6
166.14,12.9,166.57,12.47,2063.64,12,2021,1,30,2021,2,28,0.075,29,1,6
76.56,7.5,76.81,7.25,1200,15,2021,1,30,2021,2,28,0.075,29,1,6
6.11,1.54,6.16,1.49,246,36,2021,1,30,2021,2,28,0.075,29,1,6
331.26,6.25,331.47,6.04,1000,3,2021,1,30,2021,2,28,0.075,29,1,6
25.14,4.05,25.27,3.92,648.65,24,2021,1,30,2021,2,28,0.075,29,1,6
16.85,2.72,16.94,2.63,435,24,2021,1,30,2021,2,28,0.075,29,1,6
12.42,3.13,12.53,3.02,500,36,2021,1,30,2021,2,28,0.075,29,1,6
3750,23.44,3750,22.66,3750,1,2021,1,30,2021,2,28,0.075,29,1,6
23.25,3.75,23.37,3.63,600,24,2021,1,30,2021,2,28,0.075,29,1,6
173.99,43.75,175.45,42.29,7000,36,2021,1,30,2021,2,28,0.075,29,1,6
644.06,50,645.73,48.33,8000,12,2021,1,30,2021,2,28,0.075,29,1,6
73.69,11.89,74.09,11.49,1901.9,24,2021,1,30,2021,2,28,0.075,29,1,6
58.12,9.38,58.44,9.06,1500,24,2021,1,30,2021,2,28,0.075,29,1,6
19.37,3.13,19.48,3.02,500,24,2021,1,30,2021,2,28,0.075,29,1,6
165.62,3.13,165.73,3.02,500,3,2021,1,30,2021,2,28,0.075,29,1,6
331.26,6.25,331.47,6.04,1000,3,2021,1,30,2021,2,28,0.075,29,1,6
19.37,3.13,19.48,3.02,500,24,2021,1,30,2021,2,28,0.075,29,1,6
40.25,3.13,40.36,3.02,500,12,2021,1,30,2021,2,28,0.075,29,1,6
496.88,9.38,497.2,9.06,1500,3,2021,1,30,2021,2,28,0.075,29,1,6
11.98,3.01,12.08,2.91,482,36,2021,1,30,2021,2,28,0.075,29,1,6
23.25,3.75,23.37,3.63,600,24,2021,1,30,2021,2,28,0.075,29,1,6
12.71,2.05,12.78,1.98,328,24,2021,1,30,2021,2,28,0.075,29,1,6
93,15,93.5,14.5,2400,24,2021,1,30,2021,2,28,0.075,29,1,6
464.57,17.7,465.16,17.11,2831.37,6,2021,1,30,2021,2,28,0.075,29,1,6
820.41,31.25,821.45,30.21,5000,6,2021,1,30,2021,2,28,0.075,29,1,6
15.5,2.5,15.58,2.42,400,24,2021,1,30,2021,2,28,0.075,29,1,6
139.22,35.01,140.39,33.84,5601,36,2021,1,30,2021,2,28,0.075,29,1,6
13.17,2.13,13.25,2.05,340,24,2021,1,30,2021,2,28,0.075,29,1,6
59.57,4.63,59.73,4.47,740,12,2021,1,30,2021,2,28,0.075,29,1,6
104.65,8.13,104.93,7.85,1300,12,2021,1,30,2021,2,28,0.075,29,1,6
31,5,31.17,4.83,800,24,2021,1,30,2021,2,28,0.075,29,1,6
20.54,3.31,20.65,3.2,530,24,2021,1,30,2021,2,28,0.075,29,1,6
42.62,6.88,42.85,6.65,1100,24,2021,1,30,2021,2,28,0.075,29,1,6
14.91,3.75,15.03,3.63,600,36,2021,1,30,2021,2,28,0.075,29,1,6
36.04,5.81,36.23,5.62,930,24,2021,1,30,2021,2,28,0.075,29,1,6
402.54,31.25,403.58,30.21,5000,12,2021,1,30,2021,2,28,0.075,29,1,6
40.25,3.13,40.36,3.02,500,12,2021,1,30,2021,2,28,0.075,29,1,6
32.2,2.5,32.28,2.42,400,12,2021,1,30,2021,2,28,0.075,29,1,6
79.54,20,80.21,19.33,3200,36,2021,1,30,2021,2,28,0.075,29,1,6
80.51,6.25,80.72,6.04,1000,12,2021,1,30,2021,2,28,0.075,29,1,6
80.51,6.25,80.72,6.04,1000,12,2021,1,30,2021,2,28,0.075,29,1,6
246.12,9.38,246.44,9.06,1500,6,2021,1,30,2021,2,28,0.075,29,1,6
500,3.13,500,3.02,500,1,2021,1,30,2021,2,28,0.075,29,1,6
3800,23.75,3800,22.96,3800,1,2021,1,30,2021,2,28,0.075,29,1,6
161.01,12.5,161.43,12.08,2000,12,2021,1,30,2021,2,28,0.075,29,1,6
20.15,3.25,20.26,3.14,520,24,2021,1,30,2021,2,28,0.075,29,1,6
58.12,9.38,58.44,9.06,1500,24,2021,1,30,2021,2,28,0.075,29,1,6
23.57,3.8,23.69,3.68,608.32,24,2021,1,30,2021,2,28,0.075,29,1,6
19.37,3.13,19.48,3.02,500,24,2021,1,30,2021,2,28,0.075,29,1,6
286.29,22.23,287.03,21.49,3556.15,12,2021,1,30,2021,2,28,0.075,29,1,6
241.52,18.75,242.14,18.13,3000,12,2021,1,30,2021,2,28,0.075,29,1,6
201.26,15.63,201.79,15.1,2500,12,2021,1,30,2021,2,28,0.075,29,1,6
11.62,1.88,11.69,1.81,300,24,2021,1,30,2021,2,28,0.075,29,1,6
77.5,12.5,77.92,12.08,2000,24,2021,1,30,2021,2,28,0.075,29,1,6
370.33,28.75,371.29,27.79,4600,12,2021,1,30,2021,2,28,0.075,29,1,6
164.08,6.25,164.29,6.04,1000,6,2021,1,30,2021,2,28,0.075,29,1,6
11.51,2.89,11.6,2.8,463,36,2021,1,30,2021,2,28,0.075,29,1,6
82.04,3.13,82.15,3.02,500,6,2021,1,30,2021,2,28,0.075,29,1,6
271.25,43.75,272.71,42.29,7000,24,2021,1,30,2021,2,28,0.075,29,1,6
11.62,1.88,11.69,1.81,300,24,2021,1,30,2021,2,28,0.075,29,1,6
112.71,8.75,113,8.46,1400,12,2021,1,30,2021,2,28,0.075,29,1,6
16.68,4.19,16.82,4.05,671,36,2021,1,30,2021,2,28,0.075,29,1,6
121.39,30.53,122.41,29.51,4884,36,2021,1,30,2021,2,28,0.075,29,1,6
1968.98,75,1971.48,72.5,12000,6,2021,1,30,2021,2,28,0.075,29,1,6
246.19,19.11,246.82,18.48,3058,12,2021,1,30,2021,2,28,0.075,29,1,6
38.75,6.25,38.96,6.04,1000,24,2021,1,30,2021,2,28,0.075,29,1,6
135.62,21.88,136.35,21.15,3500,24,2021,1,30,2021,2,28,0.075,29,1,6
81.37,13.13,81.81,12.69,2100,24,2021,1,30,2021,2,28,0.075,29,1,6
132.5,2.5,132.58,2.42,400,3,2021,1,30,2021,2,28,0.075,29,1,6
2700,16.88,2700,16.31,2700,1,2021,1,30,2021,2,28,0.075,29,1,6
17.39,2.81,17.49,2.71,449,24,2021,1,30,2021,2,28,0.075,29,1,6
58.12,9.38,58.44,9.06,1500,24,2021,1,30,2021,2,28,0.075,29,1,6
164.08,6.25,164.29,6.04,1000,6,2021,1,30,2021,2,28,0.075,29,1,6
418.64,32.5,419.72,31.42,5200,12,2021,1,30,2021,2,28,0.075,29,1,6
40.25,3.13,40.36,3.02,500,12,2021,1,30,2021,2,28,0.075,29,1,6
9.84,2.48,9.93,2.39,396,36,2021,1,30,2021,2,28,0.075,29,1,6
4.97,1.25,5.01,1.21,200,36,2021,1,30,2021,2,28,0.075,29,1,6
51.92,8.38,52.2,8.1,1340,24,2021,1,30,2021,2,28,0.075,29,1,6
77.05,19.38,77.7,18.73,3100,36,2021,1,30,2021,2,28,0.075,29,1,6
71.49,5.55,71.67,5.37,888,12,2021,1,30,2021,2,28,0.075,29,1,6
155,25,155.83,24.17,4000,24,2021,1,30,2021,2,28,0.075,29,1,6
16.27,2.63,16.36,2.54,420,24,2021,1,30,2021,2,28,0.075,29,1,6
805.07,62.5,807.15,60.42,10000,12,2021,1,30,2021,2,28,0.075,29,1,6
124.28,31.25,125.32,30.21,5000,36,2021,1,30,2021,2,28,0.075,29,1,6
1084.99,175,1096.66,163.33,28000,24,2021,1,31,2021,2,28,0.075,28,1,6
80.51,6.25,80.93,5.83,1000,12,2021,1,31,2021,2,28,0.075,28,1,6
271,1.69,271,1.58,271,1,2021,1,31,2021,2,28,0.075,28,1,6
2351.93,44.38,2354.89,41.42,7100,3,2021,1,31,2021,2,28,0.075,28,1,6
19.37,3.13,19.58,2.92,500,24,2021,1,31,2021,2,28,0.075,28,1,6
289.83,22.5,291.33,21,3600,12,2021,1,31,2021,2,28,0.075,28,1,6
2.48,0.63,2.53,0.58,100,36,2021,1,31,2021,2,28,0.075,28,1,6
262.64,1.64,262.64,1.53,262.64,1,2021,1,31,2021,2,28,0.075,28,1,6
23.17,3.74,23.42,3.49,598,24,2021,1,31,2021,2,28,0.075,28,1,6
38.75,6.25,39.17,5.83,1000,24,2021,1,31,2021,2,28,0.075,28,1,6
500,3.13,500,2.92,500,1,2021,1,31,2021,2,28,0.075,28,1,6
30.16,2.34,30.31,2.19,374.6,12,2021,1,31,2021,2,28,0.075,28,1,6
6.11,1.54,6.22,1.43,246,36,2021,1,31,2021,2,28,0.075,28,1,5
724.57,56.25,728.32,52.5,9000,12,2021,1,31,2021,2,28,0.075,28,1,6
17.44,2.81,17.63,2.62,450,24,2021,1,31,2021,2,28,0.075,28,1,5
11.44,1.85,11.57,1.72,295.35,24,2021,1,31,2021,2,28,0.075,28,1,6
91.76,14.8,92.75,13.81,2368,24,2021,1,31,2021,2,28,0.075,28,1,6
40.25,3.13,40.46,2.92,500,12,2021,1,31,2021,2,28,0.075,28,1,6
805.07,62.5,809.24,58.33,10000,12,2021,1,31,2021,2,28,0.075,28,1,6
27.12,4.38,27.42,4.08,700,24,2021,1,31,2021,2,28,0.075,28,1,6
7.94,1.28,8.02,1.2,205,24,2021,1,31,2021,2,28,0.075,28,1,6
5.62,1.41,5.71,1.32,226,36,2021,1,31,2021,2,28,0.075,28,1,6
3281.63,125,3289.96,116.67,20000,6,2021,1,31,2021,2,28,0.075,28,1,6
19.37,3.13,19.58,2.92,500,24,2021,1,31,2021,2,28,0.075,28,1,6
19.32,1.5,19.42,1.4,240,12,2021,1,31,2021,2,28,0.075,28,1,6
2.48,0.63,2.53,0.58,100,36,2021,1,31,2021,2,28,0.075,28,1,6
82.04,3.13,82.25,2.92,500,6,2021,1,31,2021,2,28,0.075,28,1,6
8.1,1.31,8.19,1.22,209.11,24,2021,1,31,2021,2,28,0.075,28,1,6
298.13,5.63,298.51,5.25,900,3,2021,1,31,2021,2,28,0.075,28,1,6
7.58,1.91,7.71,1.78,305,36,2021,1,31,2021,2,28,0.075,28,1,6
106,2,106.13,1.87,320,3,2021,1,31,2021,2,28,0.075,28,1,6
15.52,2.5,15.68,2.34,400.4,24,2021,1,31,2021,2,28,0.075,28,1,6
162.54,9.38,163.17,8.75,1500,9,2021,1,31,2021,2,28,0.075,28,1,6
302.25,48.75,305.5,45.5,7800,24,2021,1,31,2021,2,28,0.075,28,1,6
18.75,1.46,18.85,1.36,233,12,2021,1,31,2021,2,28,0.075,28,1,6
836.81,31.88,838.94,29.75,5100,6,2021,1,31,2021,2,28,0.075,28,1,6
124.28,31.25,126.36,29.17,5000,36,2021,1,31,2021,2,28,0.075,28,1,6
24.86,6.25,25.28,5.83,1000,36,2021,1,31,2021,2,28,0.075,28,1,6
7.45,1.88,7.58,1.75,300,36,2021,1,31,2021,2,28,0.075,28,1,6
4100,25.63,4100,23.92,4100,1,2021,1,31,2021,2,28,0.075,28,1,6
322.03,25,323.7,23.33,4000,12,2021,1,31,2021,2,28,0.075,28,1,6
40.25,3.13,40.46,2.92,500,12,2021,1,31,2021,2,28,0.075,28,1,6
1740,10.88,1740,10.15,1740,1,2021,1,31,2021,2,28,0.075,28,1,6
662.52,12.5,663.35,11.67,2000,3,2021,1,31,2021,2,28,0.075,28,1,6
232.5,37.5,235,35,6000,24,2021,1,31,2021,2,28,0.075,28,1,6
24.93,4.02,25.2,3.75,643.3,24,2021,1,31,2021,2,28,0.075,28,1,6
64.63,16.25,65.71,15.17,2600,36,2021,1,31,2021,2,28,0.075,28,1,6
10.72,2.69,10.9,2.51,431,36,2021,1,31,2021,2,28,0.075,28,1,6
805.07,62.5,809.24,58.33,10000,12,2021,1,31,2021,2,28,0.075,28,1,6
38.75,6.25,39.17,5.83,1000,24,2021,1,31,2021,2,28,0.075,28,1,6
23.25,3.75,23.5,3.5,600,24,2021,1,31,2021,2,28,0.075,28,1,6
12.42,3.13,12.63,2.92,500,36,2021,1,31,2021,2,28,0.075,28,1,6
37.28,9.38,37.91,8.75,1500,36,2021,1,31,2021,2,28,0.075,28,1,6
76.48,5.94,76.88,5.54,950,12,2021,1,31,2021,2,28,0.075,28,1,6
271.25,43.75,274.17,40.83,7000,24,2021,1,31,2021,2,28,0.075,28,1,6
1300,8.13,1300,7.58,1300,1,2021,1,31,2021,2,28,0.075,28,1,6
162.54,9.38,163.17,8.75,1500,9,2021,1,31,2021,2,28,0.075,28,1,6
24.86,6.25,25.28,5.83,1000,36,2021,1,31,2021,2,28,0.075,28,1,6
82.04,3.13,82.25,2.92,500,6,2021,1,31,2021,2,28,0.075,28,1,6
72.45,5.63,72.83,5.25,900,12,2021,1,31,2021,2,28,0.075,28,1,6
23.25,3.75,23.5,3.5,600,24,2021,1,31,2021,2,28,0.075,28,1,6
1272.02,98.75,1278.6,92.17,15800,12,2021,1,31,2021,2,28,0.075,28,1,6
12.4,2,12.53,1.87,320,24,2021,1,31,2021,2,28,0.075,28,1,6
271.25,43.75,274.17,40.83,7000,24,2021,1,31,2021,2,28,0.075,28,1,6
31,5,31.33,4.67,800,24,2021,1,31,2021,2,28,0.075,28,1,6
77.5,12.5,78.33,11.67,2000,24,2021,1,31,2021,2,28,0.075,28,1,6
40.25,3.13,40.46,2.92,500,12,2021,1,31,2021,2,28,0.075,28,1,6
24.86,6.25,25.28,5.83,1000,36,2021,1,31,2021,2,28,0.075,28,1,6
257.62,20,258.95,18.67,3200,12,2021,1,31,2021,2,28,0.075,28,1,6
24.15,1.88,24.28,1.75,300,12,2021,1,31,2021,2,28,0.075,28,1,6
805.07,62.5,809.24,58.33,10000,12,2021,1,31,2021,2,28,0.075,28,1,6
19.37,3.13,19.58,2.92,500,24,2021,1,31,2021,2,28,0.075,28,1,6
38.75,6.25,39.17,5.83,1000,24,2021,1,31,2021,2,28,0.075,28,1,6
7.45,1.88,7.58,1.75,300,36,2021,1,31,2021,2,28,0.075,28,1,6
31,5,31.33,4.67,800,24,2021,1,31,2021,2,28,0.075,28,1,6
828.14,15.63,829.19,14.58,2500,3,2021,1,31,2021,2,28,0.075,28,1,6
8.96,1.44,9.05,1.35,231.06,24,2021,1,31,2021,2,28,0.075,28,1,6
325.09,18.75,326.34,17.5,3000,9,2021,1,31,2021,2,28,0.075,28,1,6
331.26,6.25,331.68,5.83,1000,3,2021,1,31,2021,2,28,0.075,28,1,6
135.62,21.88,137.08,20.42,3500,24,2021,1,31,2021,2,28,0.075,28,1,6
9.33,1.51,9.43,1.41,240.96,24,2021,1,31,2021,2,28,0.075,28,1,6
24.86,6.25,25.28,5.83,1000,36,2021,1,31,2021,2,28,0.075,28,1,6
188.71,30.44,190.74,28.41,4870,24,2021,1,31,2021,2,28,0.075,28,1,6
17.82,2.88,18.02,2.68,460,24,2021,1,31,2021,2,28,0.075,28,1,6
2.48,0.63,2.53,0.58,100,36,2021,1,31,2021,2,28,0.075,28,1,6
15.55,2.51,15.72,2.34,401.38,24,2021,1,31,2021,2,28,0.075,28,1,6
11.62,1.88,11.75,1.75,300,24,2021,1,31,2021,2,28,0.075,28,1,6
22.47,3.63,22.72,3.38,580,24,2021,1,31,2021,2,28,0.075,28,1,6
333,2.08,333,1.94,333,1,2021,1,31,2021,2,28,0.075,28,1,6
563.13,10.63,563.84,9.92,1700,3,2021,1,31,2021,2,28,0.075,28,1,6
38.75,6.25,39.17,5.83,1000,24,2021,1,31,2021,2,28,0.075,28,1,6
232.5,37.5,235,35,6000,24,2021,1,31,2021,2,28,0.075,28,1,6
76.48,5.94,76.88,5.54,950,12,2021,1,31,2021,2,28,0.075,28,1,6
23.28,3.75,23.53,3.5,600.6,24,2021,1,31,2021,2,28,0.075,28,1,6
229.71,8.75,230.29,8.17,1400,6,2021,1,31,2021,2,28,0.075,28,1,6
49.71,12.5,50.54,11.67,2000,36,2021,1,31,2021,2,28,0.075,28,1,6
193.94,31.28,196.02,29.2,5005,24,2021,1,31,2021,2,28,0.075,28,1,6
430.63,8.13,431.18,7.58,1300,3,2021,1,31,2021,2,28,0.075,28,1,6
2318.81,43.75,2321.73,40.83,7000,3,2021,1,31,2021,2,28,0.075,28,1,6
11.62,1.88,11.75,1.75,300,24,2021,1,31,2021,2,28,0.075,28,1,6
14.86,3.74,15.11,3.49,598,36,2021,1,31,2021,2,28,0.075,28,1,6
580,3.63,580,3.38,580,1,2021,1,31,2021,2,28,0.075,28,1,6
165.62,3.13,165.83,2.92,500,3,2021,1,31,2021,2,28,0.075,28,1,6
77.5,12.5,78.33,11.67,2000,24,2021,1,31,2021,2,28,0.075,28,1,6
229.71,8.75,230.29,8.17,1400,6,2021,1,31,2021,2,28,0.075,28,1,6
65.6,16.49,66.7,15.39,2639,36,2021,1,31,2021,2,28,0.075,28,1,6
11.62,1.88,11.75,1.75,300,24,2021,1,31,2021,2,28,0.075,28,1,6
11.62,1.88,11.75,1.75,300,24,2021,1,31,2021,2,28,0.075,28,1,6
74.57,18.75,75.82,17.5,3000,36,2021,1,31,2021,2,28,0.075,28,1,6
248.56,62.5,252.73,58.33,10000,36,2021,1,31,2021,2,28,0.075,28,1,6
127.6,12.5,128.43,11.67,2000,15,2021,1,31,2021,2,28,0.075,28,1,6
11.62,1.88,11.75,1.75,300,24,2021,1,31,2021,2,28,0.075,28,1,6
165.62,3.13,165.83,2.92,500,3,2021,1,31,2021,2,28,0.075,28,1,6
11.62,1.88,11.75,1.75,300,24,2021,1,31,2021,2,28,0.075,28,1,6
502.06,9.47,502.69,8.84,1515.61,3,2021,1,31,2021,2,28,0.075,28,1,6
12.42,3.13,12.63,2.92,500,36,2021,1,31,2021,2,28,0.075,28,1,6
38.75,6.25,39.17,5.83,1000,24,2021,1,31,2021,2,28,0.075,28,1,6
6.35,1.03,6.42,0.96,164,24,2021,1,31,2021,2,28,0.075,28,1,6
400,2.5,400,2.33,400,1,2021,1,31,2021,2,28,0.075,28,1,6
31.89,3.13,32.1,2.92,500,15,2021,1,31,2021,2,28,0.075,28,1,6
25.83,4.17,26.11,3.89,666.66,24,2021,1,31,2021,2,28,0.075,28,1,6
37.28,9.38,37.91,8.75,1500,36,2021,1,31,2021,2,28,0.075,28,1,6
155,25,156.67,23.33,4000,24,2021,1,31,2021,2,28,0.075,28,1,6
18.68,1.45,18.78,1.35,232,12,2021,1,31,2021,2,28,0.075,28,1,6
96.61,7.5,97.11,7,1200,12,2021,1,31,2021,2,28,0.075,28,1,6
198.85,50,202.18,46.67,8000,36,2021,1,31,2021,2,28,0.075,28,1,6
8.62,1.39,8.71,1.3,222.4,24,2021,1,31,2021,2,28,0.075,28,1,6
492.24,18.75,493.49,17.5,3000,6,2021,1,31,2021,2,28,0.075,28,1,6
52.66,6.25,53.08,5.83,1000,18,2021,1,31,2021,2,28,0.075,28,1,6
9.3,1.5,9.4,1.4,239.97,24,2021,1,31,2021,2,28,0.075,28,1,6
77.5,12.5,78.33,11.67,2000,24,2021,1,31,2021,2,28,0.075,28,1,6
805.07,62.5,809.24,58.33,10000,12,2021,1,31,2021,2,28,0.075,28,1,6
232.5,37.5,235,35,6000,24,2021,1,31,2021,2,28,0.075,28,1,6
11.62,1.88,11.75,1.75,300,24,2021,1,31,2021,2,28,0.075,28,1,6
76.49,12.34,77.32,11.51,1974,24,2021,1,31,2021,2,28,0.075,28,1,5
49.22,1.88,49.35,1.75,300,6,2021,1,31,2021,2,28,0.075,28,1,6
80.51,6.25,80.93,5.83,1000,12,2021,1,31,2021,2,28,0.075,28,1,6
26.81,2.08,26.95,1.94,333,12,2021,1,31,2021,2,28,0.075,28,1,6
328.16,12.5,328.99,11.67,2000,6,2021,1,31,2021,2,28,0.075,28,1,6
6.58,1.66,6.69,1.55,265,36,2021,1,31,2021,2,28,0.075,28,1,6
21.09,1.64,21.2,1.53,262,12,2021,1,31,2021,2,28,0.075,28,1,6
9.29,2.34,9.45,2.18,374,36,2021,1,31,2021,2,28,0.075,28,1,6
74.57,18.75,75.82,17.5,3000,36,2021,1,31,2021,2,28,0.075,28,1,6
211.27,53.13,214.82,49.58,8500,36,2021,1,31,2021,2,28,0.075,28,1,6
402.54,31.25,404.62,29.17,5000,12,2021,1,31,2021,2,28,0.075,28,1,6
1000,6.25,1000,5.83,1000,1,2021,1,31,2021,2,28,0.075,28,1,6
165.62,3.13,165.83,2.92,500,3,2021,1,31,2021,2,28,0.075,28,1,6
33.28,5.37,33.64,5.01,859,24,2021,1,31,2021,2,28,0.075,28,1,6
12.79,2.06,12.93,1.92,330,24,2021,1,31,2021,2,28,0.075,28,1,5
16.1,1.25,16.18,1.17,200,12,2021,1,31,2021,2,28,0.075,28,1,6
331.26,6.25,331.68,5.83,1000,3,2021,1,31,2021,2,28,0.075,28,1,6
483.04,37.5,485.54,35,6000,12,2021,1,31,2021,2,28,0.075,28,1,6
49.71,12.5,50.54,11.67,2000,36,2021,1,31,2021,2,28,0.075,28,1,6
165.62,3.13,165.83,2.92,500,3,2021,1,31,2021,2,28,0.075,28,1,6
62,10,62.67,9.33,1600,24,2021,1,31,2021,2,28,0.075,28,1,6
37.28,9.38,37.91,8.75,1500,36,2021,1,31,2021,2,28,0.075,28,1,6
7.45,1.88,7.58,1.75,300,36,2021,1,31,2021,2,28,0.075,28,1,6
12.42,3.13,12.63,2.92,500,36,2021,1,31,2021,2,28,0.075,28,1,6
132.5,2.5,132.67,2.33,400,3,2021,1,31,2021,2,28,0.075,28,1,6
37.74,6.09,38.15,5.68,974,24,2021,1,31,2021,2,28,0.075,28,1,6
79.54,20,80.87,18.67,3200,36,2021,1,31,2021,2,28,0.075,28,1,6
201.26,15.63,202.31,14.58,2500,12,2021,1,31,2021,2,28,0.075,28,1,6
48.38,7.8,48.9,7.28,1248.41,24,2021,1,31,2021,2,28,0.075,28,1,6
19.37,3.13,19.58,2.92,500,24,2021,1,31,2021,2,28,0.075,28,1,6
25.83,4.17,26.11,3.89,666.66,24,2021,1,31,2021,2,28,0.075,28,1,6
198.85,50,202.18,46.67,8000,36,2021,1,31,2021,2,28,0.075,28,1,6
17.05,2.75,17.23,2.57,440,24,2021,1,31,2021,2,28,0.075,28,1,6
40.25,3.13,40.46,2.92,500,12,2021,1,31,2021,2,28,0.075,28,1,6
18.6,3,18.8,2.8,480,24,2021,1,31,2021,2,28,0.075,28,1,6
180.19,29.06,182.13,27.12,4650,24,2021,1,31,2021,2,28,0.075,28,1,5
3500,21.88,3500,20.42,3500,1,2021,1,31,2021,2,28,0.075,28,1,6
260.99,65.63,265.37,61.25,10500,36,2021,1,31,2021,2,28,0.075,28,1,6
11.62,1.88,11.75,1.75,300,24,2021,1,31,2021,2,28,0.075,28,1,6
21.46,3.46,21.69,3.23,553.79,24,2021,1,31,2021,2,28,0.075,28,1,6
13.79,2.23,13.94,2.08,356,24,2021,1,31,2021,2,28,0.075,28,1,6
99.37,1.88,99.5,1.75,300,3,2021,1,31,2021,2,28,0.075,28,1,6
8.17,1.32,8.26,1.23,210.97,24,2021,1,31,2021,2,28,0.075,28,1,6
447.41,112.5,454.91,105,18000,36,2021,1,31,2021,2,28,0.075,28,1,6
1325,8.28,1325,7.73,1325,1,2021,1,31,2021,2,28,0.075,28,1,6
18.99,3.06,19.19,2.86,490,24,2021,1,31,2021,2,28,0.075,28,1,6
80.51,6.25,80.93,5.83,1000,12,2021,1,31,2021,2,28,0.075,28,1,6
213,1.33,213,1.24,213,1,2021,1,31,2021,2,28,0.075,28,1,6
20.92,3.38,21.15,3.15,540,24,2021,1,31,2021,2,28,0.075,28,1,6
21.46,3.46,21.69,3.23,553.79,24,2021,1,31,2021,2,28,0.075,28,1,6
19.53,3.15,19.74,2.94,504,24,2021,1,31,2021,2,28,0.075,28,1,6
7.45,1.88,7.58,1.75,300,36,2021,1,31,2021,2,28,0.075,28,1,6
11.62,1.88,11.75,1.75,300,24,2021,1,31,2021,2,28,0.075,28,1,6
1880,11.75,1880,10.97,1880,1,2021,1,31,2021,2,28,0.075,28,1,6
99.38,1.87,99.5,1.75,299.99,3,2021,1,31,2021,2,28,0.075,28,1,6
257.62,20,258.95,18.67,3200,12,2021,1,31,2021,2,28,0.075,28,1,6
18.21,2.94,18.41,2.74,470,24,2021,1,31,2021,2,28,0.075,28,1,6
36.61,9.21,37.23,8.59,1473,36,2021,1,31,2021,2,28,0.075,28,1,6
149.14,37.5,151.64,35,6000,36,2021,1,31,2021,2,28,0.075,28,1,6
2.48,0.63,2.53,0.58,100,36,2021,1,31,2021,2,28,0.075,28,1,6
156.59,39.38,159.22,36.75,6300,36,2021,1,31,2021,2,28,0.075,28,1,6
99.37,1.88,99.5,1.75,300,3,2021,1,31,2021,2,28,0.075,28,1,6
155,25,156.67,23.33,4000,24,2021,1,31,2021,2,28,0.075,28,1,6
10.11,1.63,10.22,1.52,261,24,2021,1,31,2021,2,28,0.075,28,1,6
155,12.5,167.5,12.5,4000,24,2021,3,19,2021,4,3,0.075,15,0,6
21.33,1.44,21.55,1.44,265,12,2021,3,19,2021,4,14,0.075,26,0,6
165.62,1.56,167.19,1.56,500,3,2021,3,19,2021,4,3,0.075,15,0,6
19.37,4.06,18.54,3.96,500,24,2021,3,19,2021,4,27,0.075,39,1,4
6000,45,6000,43.75,6000,1,2021,3,19,2021,4,24,0.075,36,1,4
36.86,2.19,39.05,2.19,700,18,2021,3,19,2021,4,3,0.075,15,0,6
241.52,24.37,236.52,23.75,3000,12,2021,3,19,2021,4,27,0.075,39,1,4
51.35,5.48,51.96,5.48,975,18,2021,3,19,2021,4,15,0.075,27,0,6
80.51,5.21,81.55,5.21,1000,12,2021,3,19,2021,4,13,0.075,25,0,6
6.86,0.96,7.01,0.96,177.2,24,2021,3,19,2021,4,14,0.075,26,0,6
48.3,2.5,49.55,2.5,600,12,2021,3,19,2021,4,8,0.075,20,0,6
1518.82,30.57,1517.87,29.61,4585,3,2021,3,19,2021,4,20,0.075,32,1,4
265.01,4,266.01,4,800,3,2021,3,19,2021,4,12,0.075,24,0,6
48.3,3.37,48.67,3.38,600,12,2021,3,19,2021,4,15,0.075,27,0,6
7.75,1.08,7.92,1.08,200,24,2021,3,19,2021,4,14,0.075,26,0,6
161.01,16.67,157.26,16.25,2000,12,2021,3,19,2021,4,28,0.075,40,1,4
68.26,1.65,69.21,1.65,416,6,2021,3,19,2021,4,7,0.075,19,0,6
148.7,6.93,153.31,6.93,1847,12,2021,3,19,2021,4,6,0.075,18,0,6
246.12,4.69,250.81,4.69,1500,6,2021,3,19,2021,4,3,0.075,15,0,6
38.75,8.12,37.08,7.92,1000,24,2021,3,19,2021,4,27,0.075,39,1,4
387.5,37.5,412.5,37.5,10000,24,2021,3,19,2021,4,6,0.075,18,0,6
128.81,6.67,132.14,6.67,1600,12,2021,3,19,2021,4,8,0.075,20,0,6
38.75,5.21,39.79,5.21,1000,24,2021,3,19,2021,4,13,0.075,25,0,6
943.1,18.98,942.5,18.39,2847,3,2021,3,19,2021,4,20,0.075,32,1,4
99.42,17.5,106.92,17.5,4000,36,2021,3,19,2021,4,9,0.075,21,0,6
29.7,3.41,29.82,3.41,564,18,2021,3,19,2021,4,17,0.075,29,0,6
40.25,2.92,40.46,2.92,500,12,2021,3,19,2021,4,16,0.075,28,0,6
715.19,27.5,728.94,27.5,6600,9,2021,3,19,2021,4,8,0.075,20,0,6
927.52,16.92,928.1,16.92,2800,3,2021,3,19,2021,4,17,0.075,29,0,6
215.91,23.92,217.62,23.92,4100,18,2021,3,19,2021,4,16,0.075,28,0,6
38.75,3.33,41.67,3.33,1000,24,2021,3,19,2021,4,4,0.075,16,0,6
157.99,11.87,164.87,11.87,3000,18,2021,3,19,2021,4,7,0.075,19,0,6
80.4,1.63,81.83,1.63,490,6,2021,3,19,2021,4,4,0.075,16,0,6
49.22,1.37,49.73,1.37,300,6,2021,3,19,2021,4,10,0.075,22,0,5
33.71,5.62,33.71,5.44,870,24,2021,3,19,2021,4,19,0.075,31,1,5
1000,6.46,1000,6.25,1000,1,2021,3,19,2021,4,19,0.075,31,1,5
12.9,1.18,13.8,1.18,333,24,2021,3,19,2021,4,5,0.075,17,0,6
164.08,2.92,167.41,2.92,1000,6,2021,3,19,2021,4,2,0.075,14,0,6
1046,6.76,1046,6.54,1046,1,2021,3,19,2021,4,19,0.075,31,1,5
26.33,1.98,27.48,1.98,500,18,2021,3,19,2021,4,7,0.075,19,0,6
155.74,1.86,156.82,1.86,470.16,3,2021,3,19,2021,4,7,0.075,19,0,6
322.03,20.83,326.2,20.83,4000,12,2021,3,19,2021,4,13,0.075,25,0,6
193.75,25,200,25,5000,24,2021,3,19,2021,4,12,0.075,24,0,6
21.06,2.25,21.31,2.25,400,18,2021,3,19,2021,4,15,0.075,27,0,6
23.25,3.37,23.62,3.38,600,24,2021,3,19,2021,4,15,0.075,27,0,6
8.05,0.52,8.16,0.52,100,12,2021,3,19,2021,4,13,0.075,25,0,6
64.41,4.67,64.74,4.67,800,12,2021,3,19,2021,4,16,0.075,28,0,6
37.41,0.81,38.03,0.81,228,6,2021,3,19,2021,4,5,0.075,17,0,6
26.27,4.52,26.13,4.38,678,24,2021,3,19,2021,4,20,0.075,32,1,4
421.36,4.24,425.07,4.24,1272,3,2021,3,19,2021,4,4,0.075,16,0,6
75.52,0.95,76,0.95,228,3,2021,3,19,2021,4,8,0.075,20,0,6
15.12,1.55,15.36,1.55,287,18,2021,3,19,2021,4,14,0.075,26,0,6
45.08,2.57,46.01,2.57,560,12,2021,3,19,2021,4,10,0.075,22,0,6
20.27,2.01,20.67,2.01,385,18,2021,3,19,2021,4,13,0.075,25,0,6
241.52,16.25,244.02,16.25,3000,12,2021,3,19,2021,4,14,0.075,26,0,6
4.99,0.73,5.07,0.73,129,24,2021,3,19,2021,4,15,0.075,27,0,6
500,4.17,500,4.06,500,1,2021,3,19,2021,4,28,0.075,40,1,4
267.37,30.19,280.31,30.19,6900,24,2021,3,19,2021,4,9,0.075,21,0,6
1712.61,34.47,1711.53,33.39,5170,3,2021,3,19,2021,4,20,0.075,32,1,4
80.51,5.21,81.55,5.21,1000,12,2021,3,19,2021,4,13,0.075,25,0,6
6.73,0.87,6.94,0.87,173.5,24,2021,3,19,2021,4,12,0.075,24,0,6
302.25,78.53,302.25,76,12160,36,2021,3,19,2021,4,19,0.075,31,1,5
164.08,8.12,162.41,7.92,1000,6,2021,3,19,2021,4,27,0.075,39,1,4
8.05,0.5,8.18,0.5,100,12,2021,3,19,2021,4,12,0.075,24,0,6
3.87,0.4,4.1,0.4,100,24,2021,3,19,2021,4,7,0.075,19,0,6
18.21,2.55,18.6,2.55,470,24,2021,3,19,2021,4,14,0.075,26,0,6
38.75,2.71,42.29,2.71,1000,24,2021,3,19,2021,4,1,0.075,13,0,6
16.1,1.04,16.31,1.04,200,12,2021,3,19,2021,4,13,0.075,25,0,6
397.51,6.25,398.76,6.25,1200,3,2021,3,19,2021,4,13,0.075,25,0,6
19.37,2.81,19.69,2.81,500,24,2021,3,19,2021,4,15,0.075,27,0,6
412.08,7.26,412.6,7.26,1244,3,2021,3,19,2021,4,16,0.075,28,0,6
3.87,0.52,3.98,0.52,100,24,2021,3,19,2021,4,13,0.075,25,0,6
8.05,0.56,8.12,0.56,100,12,2021,3,19,2021,4,15,0.075,27,0,6
16.58,1.42,16.5,1.37,206,12,2021,3,19,2021,4,21,0.075,33,1,4
88.55,6.42,89.01,6.42,1100,12,2021,3,19,2021,4,16,0.075,28,0,6
331.26,7.29,330.43,7.08,1000,3,2021,3,19,2021,4,23,0.075,35,1,4
7.75,1.08,7.92,1.08,200,24,2021,3,19,2021,4,14,0.075,26,0,6
8.05,0.67,8.03,0.65,100,12,2021,3,19,2021,4,20,0.075,32,1,4
42.13,5.33,41.96,5.17,800,18,2021,3,19,2021,4,20,0.075,32,1,4
105.32,6.67,111.15,6.67,2000,18,2021,3,19,2021,4,4,0.075,16,0,6
80.51,3.54,83.22,3.54,1000,12,2021,3,19,2021,4,5,0.075,17,0,6
6.78,0.47,7.4,0.47,175,24,2021,3,19,2021,4,1,0.075,13,0,6
362.7,78,345.15,76.05,9360,24,2021,3,19,2021,4,28,0.075,40,1,4
21.06,1.75,21.81,1.75,400,18,2021,3,19,2021,4,9,0.075,21,0,6
11.06,1.36,11.06,1.31,210,18,2021,3,19,2021,4,19,0.075,31,1,6
768.87,88.21,771.91,88.21,14600,18,2021,3,19,2021,4,17,0.075,29,0,6
164.08,8.33,162.2,8.13,1000,6,2021,3,19,2021,4,28,0.075,40,1,4
110.59,15.75,108.41,15.31,2100,18,2021,3,19,2021,4,24,0.075,36,1,4
135.82,2.39,135.99,2.39,410,3,2021,3,19,2021,4,16,0.075,28,0,6
164.08,5.62,164.7,5.63,1000,6,2021,3,19,2021,4,15,0.075,27,0,6
410.2,16.15,410.2,15.63,2500,6,2021,3,19,2021,4,19,0.075,31,1,4
2000,12.92,2000,12.5,2000,1,2021,3,19,2021,4,19,0.075,31,1,5
19.12,1.39,19.21,1.39,237.44,12,2021,3,19,2021,4,16,0.075,28,0,4
670.91,90.24,662.95,87.59,12740,18,2021,3,19,2021,4,22,0.075,34,1,4
107.97,2.19,109.89,2.19,658,6,2021,3,19,2021,4,4,0.075,16,0,6
7.75,1.67,7.75,0.42,200,24,2021,3,27,2021,5,6,0.075,40,1,7
15.77,1.67,15.77,0.45,196,12,2021,3,28,2021,5,8,0.075,41,1,7
15.86,1.68,15.86,0.45,197,12,2021,3,28,2021,5,8,0.075,41,1,7
46.5,10.5,46.5,3,1200,24,2021,3,28,2021,5,9,0.075,42,1,7
49.83,2.59,49.83,0.7,303.7,6,2021,3,28,2021,5,8,0.075,41,1,7
20.13,2.24,20.13,0.68,250,12,2021,3,28,2021,5,10,0.075,43,1,7
13.36,3.09,13.36,0.93,345,24,2021,3,28,2021,5,10,0.075,43,1,7
12.71,2.73,12.71,0.68,328,24,2021,3,28,2021,5,7,0.075,40,1,7
15.94,1.69,15.94,0.45,198,12,2021,3,28,2021,5,8,0.075,41,1,7
4.73,1.02,4.73,0.25,122,24,2021,4,2,2021,5,12,0.075,40,1,7
425.79,21.62,425.79,4.87,2595,6,2021,4,27,2021,6,6,0.075,40,1,7
24.95,2.58,24.95,0.58,310,12,2021,4,27,2021,6,6,0.075,40,1,7
165.62,4.17,165.62,0.94,500,3,2021,4,27,2021,6,6,0.075,40,1,7
900,7.5,900,1.87,900,1,2021,5,23,2021,7,2,0.075,40,1,7
24.15,2.5,24.15,0.62,300,12,2021,6,8,2021,7,18,0.075,40,1,7
5000,41.67,5000,10.42,5000,1,2021,6,18,2021,7,28,0.075,40,1,7
11.62,2.5,11.62,0.62,300,24,2021,6,18,2021,7,28,0.075,40,1,7
500,4.17,500,0.94,500,1,2021,6,23,2021,8,2,0.075,40,1,7
98.45,5,98.45,1.12,600,6,2021,6,23,2021,8,2,0.075,40,1,7
10.46,2.25,10.46,0.51,270,24,2021,6,23,2021,8,2,0.075,40,1,7
61.53,3.12,61.53,0.7,375,6,2021,6,23,2021,8,2,0.075,40,1,7
229.45,23.75,229.45,5.34,2850,12,2021,6,23,2021,8,2,0.075,40,1,7
382.09,39.55,382.09,8.9,4746,12,2021,6,23,2021,8,2,0.075,40,1,7
3000,25,3000,5.62,3000,1,2021,6,23,2021,8,2,0.075,40,1,7
12.01,2.58,12.01,0.58,310,24,2021,6,23,2021,8,2,0.075,40,1,7
88.55,9.17,88.55,2.06,1100,12,2021,6,23,2021,8,2,0.075,40,1,7
40.25,4.17,40.25,0.94,500,12,2021,6,23,2021,8,2,0.075,40,1,7
805.07,83.33,805.07,18.75,10000,12,2021,6,24,2021,8,3,0.075,40,1,7
805.07,83.33,805.07,18.75,10000,12,2021,6,24,2021,8,3,0.075,40,1,7
82.65,2.08,82.65,0.47,249.5,3,2021,6,24,2021,8,3,0.075,40,1,7
805.07,83.33,805.07,18.75,10000,12,2021,6,24,2021,8,3,0.075,40,1,7
241.52,25,241.52,5.62,3000,12,2021,6,24,2021,8,3,0.075,40,1,7
271.25,58.33,271.25,13.12,7000,24,2021,6,24,2021,8,3,0.075,40,1,7
5000,41.67,5000,9.37,5000,1,2021,6,24,2021,8,3,0.075,40,1,7
683.54,147,683.54,33.07,17640,24,2021,6,24,2021,8,3,0.075,40,1,7
458.89,47.5,458.89,10.69,5700,12,2021,6,24,2021,8,3,0.075,40,1,7
7.45,2.5,7.45,0.56,300,36,2021,6,24,2021,8,3,0.075,40,1,7
314.9,24.22,314.9,5.45,2906,9,2021,6,24,2021,8,3,0.075,40,1,7
330.08,34.17,330.08,7.69,4100,12,2021,6,24,2021,8,3,0.075,40,1,7
1640.81,83.33,1640.81,18.75,10000,6,2021,6,24,2021,8,3,0.075,40,1,7
5000,41.67,5000,9.37,5000,1,2021,6,24,2021,8,3,0.075,40,1,7
64.63,21.67,64.63,4.87,2600,36,2021,6,24,2021,8,3,0.075,40,1,7
422.56,141.66,422.56,31.87,17000,36,2021,6,24,2021,8,3,0.075,40,1,7
210.65,33.33,210.65,7.5,4000,18,2021,6,24,2021,8,3,0.075,40,1,7
362.28,37.5,362.28,8.44,4500,12,2021,6,24,2021,8,3,0.075,40,1,7
472.38,11.88,472.38,2.67,1426,3,2021,6,24,2021,8,3,0.075,40,1,7
559.62,187.61,559.62,42.21,22514,36,2021,6,24,2021,8,3,0.075,40,1,7
99.37,2.56,99.37,0.62,300,3,2021,7,9,2021,8,19,0.075,41,1,7
